book,chapter,words
Genesis,1,950
Genesis,2,701
Genesis,3,731
Genesis,4,736
Genesis,5,530
Genesis,6,621
Genesis,7,620
Genesis,8,641
Genesis,9,670
Genesis,10,536
Genesis,11,644
Genesis,12,545
Genesis,13,464
Genesis,14,631
Genesis,15,478
Genesis,16,449
Genesis,17,722
Genesis,18,882
Genesis,19,1128
Genesis,20,518
Genesis,21,794
Genesis,22,651
Genesis,23,554
Genesis,24,1861
Genesis,25,737
Genesis,26,944
Genesis,27,1298
Genesis,28,658
Genesis,29,891
Genesis,30,1093
Genesis,31,1483
Genesis,32,847
Genesis,33,583
Genesis,34,805
Genesis,35,703
Genesis,36,891
Genesis,37,1000
Genesis,38,880
Genesis,39,675
Genesis,40,625
Genesis,41,1507
Genesis,42,1007
Genesis,43,1015
Genesis,44,896
Genesis,45,787
Genesis,46,822
Genesis,47,1013
Genesis,48,657
Genesis,49,800
Genesis,50,709
Exodus,1,471
Exodus,2,687
Exodus,3,801
Exodus,4,928
Exodus,5,628
Exodus,6,768
Exodus,7,698
Exodus,8,985
Exodus,9,1013
Exodus,10,928
Exodus,11,338
Exodus,12,1549
Exodus,13,698
Exodus,14,959
Exodus,15,724
Exodus,16,1095
Exodus,17,513
Exodus,18,795
Exodus,19,708
Exodus,20,570
Exodus,21,928
Exodus,22,811
Exodus,23,888
Exodus,24,492
Exodus,25,979
Exodus,26,979
Exodus,27,574
Exodus,28,1269
Exodus,29,1386
Exodus,30,1023
Exodus,31,450
Exodus,32,1140
Exodus,33,710
Exodus,34,1023
Exodus,35,823
Exodus,36,925
Exodus,37,765
Exodus,38,846
Exodus,39,1041
Exodus,40,837
Leviticus,1,540
Leviticus,2,500
Leviticus,3,524
Leviticus,4,1183
Leviticus,5,739
Leviticus,6,927
Leviticus,7,1069
Leviticus,8,993
Leviticus,9,635
Leviticus,10,628
Leviticus,11,1133
Leviticus,12,280
Leviticus,13,1903
Leviticus,14,1775
Leviticus,15,933
Leviticus,16,1183
Leviticus,17,565
Leviticus,18,683
Leviticus,19,946
Leviticus,20,852
Leviticus,21,612
Leviticus,22,922
Leviticus,23,1243
Leviticus,24,585
Leviticus,25,1633
Leviticus,26,1278
Leviticus,27,978
Numbers,1,1337
Numbers,2,836
Numbers,3,1307
Numbers,4,1440
Numbers,5,919
Numbers,6,765
Numbers,7,1950
Numbers,8,736
Numbers,9,735
Numbers,10,909
Numbers,11,1133
Numbers,12,390
Numbers,13,770
Numbers,14,1209
Numbers,15,1088
Numbers,16,1365
Numbers,17,353
Numbers,18,1126
Numbers,19,698
Numbers,20,803
Numbers,21,974
Numbers,22,1262
Numbers,23,761
Numbers,24,713
Numbers,25,456
Numbers,26,1521
Numbers,27,613
Numbers,28,801
Numbers,29,957
Numbers,30,514
Numbers,31,1254
Numbers,32,1048
Numbers,33,960
Numbers,34,639
Numbers,35,1014
Numbers,36,478
Deuteronomy,1,1301
Deuteronomy,2,1072
Deuteronomy,3,833
Deuteronomy,4,1519
Deuteronomy,5,935
Deuteronomy,6,664
Deuteronomy,7,862
Deuteronomy,8,574
Deuteronomy,9,963
Deuteronomy,10,616
Deuteronomy,11,969
Deuteronomy,12,1095
Deuteronomy,13,645
Deuteronomy,14,718
Deuteronomy,15,734
Deuteronomy,16,748
Deuteronomy,17,716
Deuteronomy,18,626
Deuteronomy,19,650
Deuteronomy,20,707
Deuteronomy,21,765
Deuteronomy,22,912
Deuteronomy,23,711
Deuteronomy,24,726
Deuteronomy,25,589
Deuteronomy,26,667
Deuteronomy,27,605
Deuteronomy,28,2155
Deuteronomy,29,901
Deuteronomy,30,665
Deuteronomy,31,1054
Deuteronomy,32,1414
Deuteronomy,33,853
Deuteronomy,34,330
Joshua,1,599
Joshua,2,796
Joshua,3,574
Joshua,4,733
Joshua,5,583
Joshua,6,949
Joshua,7,969
Joshua,8,1239
Joshua,9,836
Joshua,10,1413
Joshua,11,754
Joshua,12,502
Joshua,13,856
Joshua,14,488
Joshua,15,1060
Joshua,16,257
Joshua,17,673
Joshua,18,777
Joshua,19,959
Joshua,20,311
Joshua,21,1049
Joshua,22,1347
Joshua,23,606
Joshua,24,1059
Judges,1,994
Judges,2,725
Judges,3,896
Judges,4,789
Judges,5,830
Judges,6,1385
Judges,7,983
Judges,8,1054
Judges,9,1741
Judges,10,505
Judges,11,1321
Judges,12,407
Judges,13,812
Judges,14,743
Judges,15,718
Judges,16,1196
Judges,17,409
Judges,18,1070
Judges,19,1183
Judges,20,1544
Judges,21,791
Ruth,1,690
Ruth,2,799
Ruth,3,572
Ruth,4,670
1 Samuel,1,869
1 Samuel,2,1169
1 Samuel,3,610
1 Samuel,4,806
1 Samuel,5,461
1 Samuel,6,769
1 Samuel,7,535
1 Samuel,8,568
1 Samuel,9,1082
1 Samuel,10,927
1 Samuel,11,515
1 Samuel,12,812
1 Samuel,13,761
1 Samuel,14,1692
1 Samuel,15,1001
1 Samuel,16,715
1 Samuel,17,1811
1 Samuel,18,894
1 Samuel,19,712
1 Samuel,20,1410
1 Samuel,21,530
1 Samuel,22,799
1 Samuel,23,868
1 Samuel,24,682
1 Samuel,25,1542
1 Samuel,26,873
1 Samuel,27,420
1 Samuel,28,870
1 Samuel,29,449
1 Samuel,30,981
1 Samuel,31,375
2 Samuel,1,745
2 Samuel,2,986
2 Samuel,3,1198
2 Samuel,4,464
2 Samuel,5,677
2 Samuel,6,785
2 Samuel,7,899
2 Samuel,8,504
2 Samuel,9,412
2 Samuel,10,633
2 Samuel,11,891
2 Samuel,12,1038
2 Samuel,13,1255
2 Samuel,14,1201
2 Samuel,15,1159
2 Samuel,16,786
2 Samuel,17,1007
2 Samuel,18,1197
2 Samuel,19,1543
2 Samuel,20,935
2 Samuel,21,868
2 Samuel,22,1041
2 Samuel,23,968
2 Samuel,24,881
1 Kings,1,1583
1 Kings,2,1543
1 Kings,3,881
1 Kings,4,758
1 Kings,5,554
1 Kings,6,1147
1 Kings,7,1606
1 Kings,8,2249
1 Kings,9,861
1 Kings,10,942
1 Kings,11,1306
1 Kings,12,1075
1 Kings,13,1172
1 Kings,14,1026
1 Kings,15,990
1 Kings,16,1066
1 Kings,17,718
1 Kings,18,1507
1 Kings,19,754
1 Kings,20,1578
1 Kings,21,930
1 Kings,22,1589
2 Kings,1,698
2 Kings,2,885
2 Kings,3,894
2 Kings,4,1440
2 Kings,5,1061
2 Kings,6,1054
2 Kings,7,850
2 Kings,8,996
2 Kings,9,1282
2 Kings,10,1299
2 Kings,11,774
2 Kings,12,747
2 Kings,13,825
2 Kings,14,898
2 Kings,15,1112
2 Kings,16,677
2 Kings,17,1271
2 Kings,18,1312
2 Kings,19,1234
2 Kings,20,702
2 Kings,21,767
2 Kings,22,734
2 Kings,23,1555
2 Kings,24,612
2 Kings,25,1038
1 Chronicles,1,736
1 Chronicles,2,905
1 Chronicles,3,396
1 Chronicles,4,960
1 Chronicles,5,707
1 Chronicles,6,1392
1 Chronicles,7,853
1 Chronicles,8,531
1 Chronicles,9,1020
1 Chronicles,10,394
1 Chronicles,11,1075
1 Chronicles,12,1119
1 Chronicles,13,433
1 Chronicles,14,375
1 Chronicles,15,759
1 Chronicles,16,885
1 Chronicles,17,807
1 Chronicles,18,469
1 Chronicles,19,666
1 Chronicles,20,343
1 Chronicles,21,971
1 Chronicles,22,618
1 Chronicles,23,748
1 Chronicles,24,555
1 Chronicles,25,577
1 Chronicles,26,766
1 Chronicles,27,841
1 Chronicles,28,892
1 Chronicles,29,1029
2 Chronicles,1,561
2 Chronicles,2,700
2 Chronicles,3,534
2 Chronicles,4,656
2 Chronicles,5,511
2 Chronicles,6,1539
2 Chronicles,7,785
2 Chronicles,8,570
2 Chronicles,9,938
2 Chronicles,10,572
2 Chronicles,11,509
2 Chronicles,12,507
2 Chronicles,13,655
2 Chronicles,14,462
2 Chronicles,15,544
2 Chronicles,16,509
2 Chronicles,17,486
2 Chronicles,18,1124
2 Chronicles,19,373
2 Chronicles,20,1221
2 Chronicles,21,651
2 Chronicles,22,464
2 Chronicles,23,815
2 Chronicles,24,984
2 Chronicles,25,1044
2 Chronicles,26,779
2 Chronicles,27,254
2 Chronicles,28,927
2 Chronicles,29,1235
2 Chronicles,30,937
2 Chronicles,31,801
2 Chronicles,32,1158
2 Chronicles,33,813
2 Chronicles,34,1312
2 Chronicles,35,968
2 Chronicles,36,795
Ezra,1,393
Ezra,2,1085
Ezra,3,592
Ezra,4,862
Ezra,5,600
Ezra,6,850
Ezra,7,915
Ezra,8,1023
Ezra,9,664
Ezra,10,984
Nehemiah,1,390
Nehemiah,2,721
Nehemiah,3,937
Nehemiah,4,778
Nehemiah,5,649
Nehemiah,6,617
Nehemiah,7,1231
Nehemiah,8,734
Nehemiah,9,1420
Nehemiah,10,672
Nehemiah,11,829
Nehemiah,12,1008
Nehemiah,13,1057
Esther,1,823
Esther,2,866
Esther,3,574
Esther,4,543
Esther,5,505
Esther,6,541
Esther,7,391
Esther,8,682
Esther,9,1047
Esther,10,98
Job,1,711
Job,2,397
Job,3,502
Job,4,389
Job,5,525
Job,6,568
Job,7,434
Job,8,378
Job,9,604
Job,10,432
Job,11,390
Job,12,462
Job,13,430
Job,14,435
Job,15,578
Job,16,417
Job,17,296
Job,18,375
Job,19,560
Job,20,589
Job,21,591
Job,22,583
Job,23,300
Job,24,527
Job,25,90
Job,26,225
Job,27,415
Job,28,495
Job,29,447
Job,30,580
Job,31,787
Job,32,434
Job,33,600
Job,34,685
Job,35,281
Job,36,552
Job,37,451
Job,38,746
Job,39,517
Job,40,396
Job,41,557
Job,42,477
Psalms,1,136
Psalms,2,234
Psalms,3,153
Psalms,4,184
Psalms,5,320
Psalms,6,182
Psalms,7,374
Psalms,8,187
Psalms,9,422
Psalms,10,431
Psalms,11,146
Psalms,12,206
Psalms,13,118
Psalms,14,171
Psalms,15,111
Psalms,16,230
Psalms,17,400
Psalms,18,1072
Psalms,19,321
Psalms,20,193
Psalms,21,285
Psalms,22,657
Psalms,23,144
Psalms,24,195
Psalms,25,373
Psalms,26,209
Psalms,27,388
Psalms,28,228
Psalms,29,235
Psalms,30,285
Psalms,31,535
Psalms,32,269
Psalms,33,364
Psalms,34,395
Psalms,35,633
Psalms,36,265
Psalms,37,761
Psalms,38,419
Psalms,39,325
Psalms,40,444
Psalms,41,293
Psalms,42,326
Psalms,43,150
Psalms,44,485
Psalms,45,363
Psalms,46,239
Psalms,47,179
Psalms,48,251
Psalms,49,397
Psalms,50,427
Psalms,51,359
Psalms,52,213
Psalms,53,181
Psalms,54,149
Psalms,55,503
Psalms,56,251
Psalms,57,265
Psalms,58,274
Psalms,59,402
Psalms,60,272
Psalms,61,166
Psalms,62,261
Psalms,63,231
Psalms,64,226
Psalms,65,321
Psalms,66,359
Psalms,67,130
Psalms,68,795
Psalms,69,747
Psalms,70,120
Psalms,71,507
Psalms,72,411
Psalms,73,482
Psalms,74,461
Psalms,75,216
Psalms,76,216
Psalms,77,360
Psalms,78,1331
Psalms,79,315
Psalms,80,362
Psalms,81,335
Psalms,82,131
Psalms,83,293
Psalms,84,276
Psalms,85,236
Psalms,86,343
Psalms,87,129
Psalms,88,342
Psalms,89,971
Psalms,90,385
Psalms,91,299
Psalms,92,287
Psalms,93,104
Psalms,94,375
Psalms,95,236
Psalms,96,244
Psalms,97,203
Psalms,98,181
Psalms,99,167
Psalms,100,112
Psalms,101,197
Psalms,102,497
Psalms,103,372
Psalms,104,660
Psalms,105,662
Psalms,106,807
Psalms,107,714
Psalms,108,215
Psalms,109,580
Psalms,110,162
Psalms,111,197
Psalms,112,178
Psalms,113,160
Psalms,114,106
Psalms,115,277
Psalms,116,297
Psalms,117,33
Psalms,118,490
Psalms,119,2598
Psalms,120,137
Psalms,121,131
Psalms,122,134
Psalms,123,98
Psalms,124,127
Psalms,125,116
Psalms,126,118
Psalms,127,141
Psalms,128,105
Psalms,129,129
Psalms,130,126
Psalms,131,79
Psalms,132,293
Psalms,133,79
Psalms,134,52
Psalms,135,341
Psalms,136,365
Psalms,137,218
Psalms,138,176
Psalms,139,465
Psalms,140,286
Psalms,141,239
Psalms,142,189
Psalms,143,270
Psalms,144,348
Psalms,145,377
Psalms,146,185
Psalms,147,328
Psalms,148,218
Psalms,149,160
Psalms,150,95
Proverbs,1,567
Proverbs,2,318
Proverbs,3,591
Proverbs,4,457
Proverbs,5,378
Proverbs,6,607
Proverbs,7,455
Proverbs,8,597
Proverbs,9,297
Proverbs,10,571
Proverbs,11,575
Proverbs,12,515
Proverbs,13,434
Proverbs,14,600
Proverbs,15,594
Proverbs,16,593
Proverbs,17,541
Proverbs,18,421
Proverbs,19,554
Proverbs,20,547
Proverbs,21,573
Proverbs,22,581
Proverbs,23,617
Proverbs,24,645
Proverbs,25,581
Proverbs,26,550
Proverbs,27,518
Proverbs,28,581
Proverbs,29,479
Proverbs,30,697
Proverbs,31,510
Ecclesiastes,1,405
Ecclesiastes,2,816
Ecclesiastes,3,568
Ecclesiastes,4,411
Ecclesiastes,5,576
Ecclesiastes,6,325
Ecclesiastes,7,688
Ecclesiastes,8,535
Ecclesiastes,9,571
Ecclesiastes,10,451
Ecclesiastes,11,290
Ecclesiastes,12,413
Song of Solomon,1,356
Song of Solomon,2,388
Song of Solomon,3,292
Song of Solomon,4,386
Song of Solomon,5,461
Song of Solomon,6,308
Song of Solomon,7,313
Song of Solomon,8,389
Isaiah,1,824
Isaiah,2,616
Isaiah,3,666
Isaiah,4,245
Isaiah,5,982
Isaiah,6,447
Isaiah,7,772
Isaiah,8,626
Isaiah,9,666
Isaiah,10,1036
Isaiah,11,566
Isaiah,12,140
Isaiah,13,629
Isaiah,14,923
Isaiah,15,307
Isaiah,16,461
Isaiah,17,457
Isaiah,18,294
Isaiah,19,792
Isaiah,20,188
Isaiah,21,459
Isaiah,22,744
Isaiah,23,515
Isaiah,24,654
Isaiah,25,401
Isaiah,26,585
Isaiah,27,440
Isaiah,28,896
Isaiah,29,794
Isaiah,30,1161
Isaiah,31,366
Isaiah,32,484
Isaiah,33,642
Isaiah,34,557
Isaiah,35,295
Isaiah,36,727
Isaiah,37,1253
Isaiah,38,643
Isaiah,39,279
Isaiah,40,889
Isaiah,41,893
Isaiah,42,734
Isaiah,43,757
Isaiah,44,926
Isaiah,45,800
Isaiah,46,351
Isaiah,47,505
Isaiah,48,645
Isaiah,49,938
Isaiah,50,372
Isaiah,51,782
Isaiah,52,413
Isaiah,53,462
Isaiah,54,496
Isaiah,55,414
Isaiah,56,389
Isaiah,57,623
Isaiah,58,581
Isaiah,59,640
Isaiah,60,690
Isaiah,61,386
Isaiah,62,401
Isaiah,63,568
Isaiah,64,336
Isaiah,65,793
Isaiah,66,855
Jeremiah,1,549
Jeremiah,2,1114
Jeremiah,3,862
Jeremiah,4,890
Jeremiah,5,910
Jeremiah,6,855
Jeremiah,7,1006
Jeremiah,8,767
Jeremiah,9,841
Jeremiah,10,731
Jeremiah,11,799
Jeremiah,12,608
Jeremiah,13,777
Jeremiah,14,724
Jeremiah,15,761
Jeremiah,16,716
Jeremiah,17,861
Jeremiah,18,724
Jeremiah,19,552
Jeremiah,20,612
Jeremiah,21,508
Jeremiah,22,866
Jeremiah,23,1234
Jeremiah,24,377
Jeremiah,25,1212
Jeremiah,26,845
Jeremiah,27,786
Jeremiah,28,552
Jeremiah,29,1032
Jeremiah,30,748
Jeremiah,31,1329
Jeremiah,32,1491
Jeremiah,33,865
Jeremiah,34,865
Jeremiah,35,681
Jeremiah,36,1133
Jeremiah,37,660
Jeremiah,38,1031
Jeremiah,39,622
Jeremiah,40,714
Jeremiah,41,684
Jeremiah,42,819
Jeremiah,43,473
Jeremiah,44,1269
Jeremiah,45,152
Jeremiah,46,879
Jeremiah,47,238
Jeremiah,48,1256
Jeremiah,49,1253
Jeremiah,50,1532
Jeremiah,51,1981
Jeremiah,52,1166
Lamentations,1,822
Lamentations,2,924
Lamentations,3,940
Lamentations,4,645
Lamentations,5,337
Ezekiel,1,904
Ezekiel,2,287
Ezekiel,3,874
Ezekiel,4,553
Ezekiel,5,631
Ezekiel,6,487
Ezekiel,7,870
Ezekiel,8,666
Ezekiel,9,455
Ezekiel,10,697
Ezekiel,11,740
Ezekiel,12,840
Ezekiel,13,802
Ezekiel,14,764
Ezekiel,15,220
Ezekiel,16,1945
Ezekiel,17,806
Ezekiel,18,964
Ezekiel,19,381
Ezekiel,20,1646
Ezekiel,21,1066
Ezekiel,22,915
Ezekiel,23,1442
Ezekiel,24,804
Ezekiel,25,568
Ezekiel,26,766
Ezekiel,27,1016
Ezekiel,28,849
Ezekiel,29,757
Ezekiel,30,801
Ezekiel,31,731
Ezekiel,32,1141
Ezekiel,33,1142
Ezekiel,34,997
Ezekiel,35,441
Ezekiel,36,1218
Ezekiel,37,876
Ezekiel,38,821
Ezekiel,39,1032
Ezekiel,40,1598
Ezekiel,41,862
Ezekiel,42,610
Ezekiel,43,975
Ezekiel,44,1096
Ezekiel,45,921
Ezekiel,46,931
Ezekiel,47,865
Ezekiel,48,1077
Daniel,1,632
Daniel,2,1635
Daniel,3,1082
Daniel,4,1319
Daniel,5,1086
Daniel,6,923
Daniel,7,975
Daniel,8,947
Daniel,9,1084
Daniel,10,693
Daniel,11,1746
Daniel,12,445
Hosea,1,391
Hosea,2,737
Hosea,3,172
Hosea,4,509
Hosea,5,409
Hosea,6,285
Hosea,7,435
Hosea,8,363
Hosea,9,512
Hosea,10,500
Hosea,11,323
Hosea,12,363
Hosea,13,473
Hosea,14,251
Joel,1,538
Joel,2,1007
Joel,3,620
Amos,1,503
Amos,2,481
Amos,3,442
Amos,4,485
Amos,5,689
Amos,6,446
Amos,7,511
Amos,8,440
Amos,9,594
Obadiah,1,730
Jonah,1,581
Jonah,2,235
Jonah,3,271
Jonah,4,378
Micah,1,540
Micah,2,454
Micah,3,376
Micah,4,479
Micah,5,481
Micah,6,506
Micah,7,652
Nahum,1,466
Nahum,2,457
Nahum,3,562
Habakkuk,1,492
Habakkuk,2,657
Habakkuk,3,580
Zephaniah,1,597
Zephaniah,2,491
Zephaniah,3,652
Haggai,1,486
Haggai,2,685
Zechariah,1,635
Zechariah,2,324
Zechariah,3,319
Zechariah,4,426
Zechariah,5,360
Zechariah,6,437
Zechariah,7,434
Zechariah,8,774
Zechariah,9,570
Zechariah,10,434
Zechariah,11,567
Zechariah,12,512
Zechariah,13,352
Zechariah,14,851
Malachi,1,535
Malachi,2,618
Malachi,3,595
Malachi,4,183
Matthew,1,498
Matthew,2,572
Matthew,3,394
Matthew,4,570
Matthew,5,1117
Matthew,6,812
Matthew,7,632
Matthew,8,773
Matthew,9,861
Matthew,10,959
Matthew,11,679
Matthew,12,1175
Matthew,13,1400
Matthew,14,741
Matthew,15,785
Matthew,16,698
Matthew,17,660
Matthew,18,918
Matthew,19,719
Matthew,20,811
Matthew,21,1133
Matthew,22,828
Matthew,23,850
Matthew,24,1064
Matthew,25,1012
Matthew,26,1640
Matthew,27,1374
Matthew,28,434
Mark,1,947
Mark,2,747
Mark,3,684
Mark,4,931
Mark,5,952
Mark,6,1394
Mark,7,811
Mark,8,822
Mark,9,1191
Mark,10,1226
Mark,11,798
Mark,12,1085
Mark,13,842
Mark,14,1624
Mark,15,921
Mark,16,453
Luke,1,1621
Luke,2,1121
Luke,3,1049
Luke,4,1046
Luke,5,949
Luke,6,1241
Luke,7,1223
Luke,8,1437
Luke,9,1460
Luke,10,1010
Luke,11,1368
Luke,12,1429
Luke,13,867
Luke,14,812
Luke,15,753
Luke,16,787
Luke,17,830
Luke,18,881
Luke,19,1084
Luke,20,959
Luke,21,827
Luke,22,1414
Luke,23,1130
Luke,24,1069
John,1,1041
John,2,510
John,3,779
John,4,1099
John,5,1012
John,6,1519
John,7,1021
John,8,1317
John,9,892
John,10,826
John,11,1169
John,12,1060
John,13,838
John,14,734
John,15,622
John,16,810
John,17,640
John,18,969
John,19,1016
John,20,749
John,21,696
Acts,1,681
Acts,2,1040
Acts,3,637
Acts,4,868
Acts,5,1046
Acts,6,358
Acts,7,1451
Acts,8,889
Acts,9,1062
Acts,10,1108
Acts,11,672
Acts,12,712
Acts,13,1339
Acts,14,635
Acts,15,938
Acts,16,960
Acts,17,901
Acts,18,680
Acts,19,1001
Acts,20,888
Acts,21,1067
Acts,22,778
Acts,23,930
Acts,24,640
Acts,25,737
Acts,26,788
Acts,27,1066
Acts,28,818
Romans,1,773
Romans,2,630
Romans,3,581
Romans,4,552
Romans,5,517
Romans,6,505
Romans,7,628
Romans,8,948
Romans,9,754
Romans,10,471
Romans,11,858
Romans,12,423
Romans,13,367
Romans,14,565
Romans,15,768
Romans,16,529
1 Corinthians,1,658
1 Corinthians,2,388
1 Corinthians,3,480
1 Corinthians,4,535
1 Corinthians,5,333
1 Corinthians,6,477
1 Corinthians,7,980
1 Corinthians,8,336
1 Corinthians,9,677
1 Corinthians,10,691
1 Corinthians,11,772
1 Corinthians,12,615
1 Corinthians,13,304
1 Corinthians,14,922
1 Corinthians,15,1195
1 Corinthians,16,467
2 Corinthians,1,605
2 Corinthians,2,417
2 Corinthians,3,404
2 Corinthians,4,423
2 Corinthians,5,507
2 Corinthians,6,368
2 Corinthians,7,460
2 Corinthians,8,585
2 Corinthians,9,373
2 Corinthians,10,475
2 Corinthians,11,746
2 Corinthians,12,606
2 Corinthians,13,343
Galatians,1,462
Galatians,2,576
Galatians,3,659
Galatians,4,656
Galatians,5,460
Galatians,6,366
Ephesians,1,532
Ephesians,2,468
Ephesians,3,415
Ephesians,4,661
Ephesians,5,573
Ephesians,6,520
Philippians,1,680
Philippians,2,635
Philippians,3,498
Philippians,4,490
Colossians,1,687
Colossians,2,562
Colossians,3,463
Colossians,4,378
1 Thessalonians,1,260
1 Thessalonians,2,492
1 Thessalonians,3,312
1 Thessalonians,4,431
1 Thessalonians,5,436
2 Thessalonians,1,304
2 Thessalonians,2,389
2 Thessalonians,3,383
1 Timothy,1,437
1 Timothy,2,261
1 Timothy,3,355
1 Timothy,4,322
1 Timothy,5,494
1 Timothy,6,511
2 Timothy,1,453
2 Timothy,2,535
2 Timothy,3,318
2 Timothy,4,461
Titus,1,356
Titus,2,311
Titus,3,324
Philemon,1,439
Hebrews,1,354
Hebrews,2,509
Hebrews,3,371
Hebrews,4,441
Hebrews,5,350
Hebrews,6,440
Hebrews,7,646
Hebrews,8,408
Hebrews,9,704
Hebrews,10,828
Hebrews,11,962
Hebrews,12,740
Hebrews,13,529
James,1,556
James,2,571
James,3,410
James,4,387
James,5,520
1 Peter,1,614
1 Peter,2,593
1 Peter,3,566
1 Peter,4,482
1 Peter,5,313
2 Peter,1,511
2 Peter,2,612
2 Peter,3,492
1 John,1,247
1 John,2,758
1 John,3,546
1 John,4,492
1 John,5,541
2 John,1,324
3 John,1,314
Jude,1,615
Revelation,1,592
Revelation,2,802
Revelation,3,664
Revelation,4,353
Revelation,5,438
Revelation,6,569
Revelation,7,491
Revelation,8,407
Revelation,9,606
Revelation,10,353
Revelation,11,613
Revelation,12,512
Revelation,13,550
Revelation,14,666
Revelation,15,257
Revelation,16,570
Revelation,17,528
Revelation,18,756
Revelation,19,637
Revelation,20,481
Revelation,21,754
Revelation,22,583
